Scan Parameters,
,
Scan Type,Standard Scan
ID,0
Stylus,Radius: 12.5 ï¾µm
Length,4200.0 um
Duration,140 sec
Resolution,0.100 um/sample
Force,6.00 mg
Measurement Range,524 um
Profile,Hills
Display Range,Auto
R. Cursor,Pos: 0.0 um Width: 0.0 um
M. Cursor,Pos: 400.0 um Width: 0.0 um
,
,
Scan Data,
,
Lateral um,Raw Micrometer
0,0
0.1,-0.00459
0.2,-0.01055
0.3,-0.02486
0.4,-0.03947
0.5,-0.0487
0.6,-0.04859
0.7,-0.05086
0.8,-0.04514
0.9,-0.04031
1,-0.03511
1.1,-0.03154
1.2,-0.02329
1.3,-0.00798
1.4,0.00262
1.5,0.01442
1.6,0.02127
1.7,0.02946
1.8,0.03962
1.9,0.04537
2,0.04951
2.1,0.05039
2.2,0.0546
2.3,0.06081
2.4,0.06423
2.5,0.06708
2.6,0.06798
2.7,0.06235
2.8,0.06602
2.9,0.06835
3,0.07427
3.1,0.07893
3.2,0.08705
3.3,0.08841
3.4,0.09513
3.5,0.10544
3.6,0.10757
3.7,0.10897
3.8,0.10382
3.9,0.09605
4,0.09521
4.1,0.09076
4.2,0.09445
4.3,0.08958
4.4,0.08231
4.5,0.07083
4.6,0.06836
4.7,0.06679
4.8,0.06502
4.9,0.05985
5,0.05308
5.1,0.04713
5.2,0.04785
5.3,0.04734
5.4,0.04607
5.5,0.04832
5.6,0.04753
5.7,0.04372
5.8,0.03315
5.9,0.02222
6,0.01108
6.1,0.00182
6.2,-0.01316
6.3,-0.02566
6.4,-0.03737
6.5,-0.05061
6.6,-0.05988
6.7,-0.06914
6.8,-0.07456
6.9,-0.09021
7,-0.10045
7.1,-0.10984
7.2,-0.10767
7.3,-0.10223
7.4,-0.10282
7.5,-0.1074
7.6,-0.11392
7.7,-0.12576
7.8,-0.13579
7.9,-0.14888
8,-0.1562
8.1,-0.15543
8.2,-0.1538
8.3,-0.15395
8.4,-0.16242
8.5,-0.16368
8.6,-0.16902
8.7,-0.17828
8.8,-0.17988
8.9,-0.18267
9,-0.1801
9.1,-0.18354
9.2,-0.19669
9.3,-0.21358
9.4,-0.22414
9.5,-0.24058
9.6,-0.2532
9.7,-0.25639
9.8,-0.26499
9.9,-0.27205
10,-0.28121
10.1,-0.2857
10.2,-0.28881
10.3,-0.29109
10.4,-0.29753
10.5,-0.31311
10.6,-0.32206
10.7,-0.32827
10.8,-0.33666
10.9,-0.33981
11,-0.34731
11.1,-0.35213
11.2,-0.35332
11.3,-0.35525
11.4,-0.35559
11.5,-0.35981
11.6,-0.36462
11.7,-0.36888
11.8,-0.37069
11.9,-0.37911
12,-0.38532
12.1,-0.38476
12.2,-0.38405
12.3,-0.39267
12.4,-0.4012
12.5,-0.40986
12.6,-0.4115
12.7,-0.416
12.8,-0.42514
12.9,-0.43492
13,-0.43525
13.1,-0.44381
13.2,-0.44906
13.3,-0.45293
13.4,-0.46122
13.5,-0.46612
13.6,-0.46834
13.7,-0.47371
13.8,-0.47326
13.9,-0.47579
14,-0.4812
14.1,-0.48921
14.2,-0.49818
14.3,-0.51442
14.4,-0.53549
14.5,-0.54525
14.6,-0.55168
14.7,-0.55599
14.8,-0.56097
14.9,-0.56609
15,-0.57435
15.1,-0.57987
15.2,-0.58697
15.3,-0.59585
15.4,-0.60453
15.5,-0.61393
15.6,-0.62318
15.7,-0.63248
15.8,-0.63929
15.9,-0.64177
16,-0.6419
16.1,-0.64088
16.2,-0.63945
16.3,-0.64068
16.4,-0.64141
16.5,-0.63534
16.6,-0.6295
16.7,-0.625
16.8,-0.62035
16.9,-0.61345
17,-0.61059
17.1,-0.61551
17.2,-0.62175
17.3,-0.62574
17.4,-0.63234
17.5,-0.64131
17.6,-0.65038
17.7,-0.65042
17.8,-0.6563
17.9,-0.66305
18,-0.66991
18.1,-0.67185
18.2,-0.67116
18.3,-0.66725
18.4,-0.66731
18.5,-0.66172
18.6,-0.65824
18.7,-0.65628
18.8,-0.65608
18.9,-0.65761
19,-0.65285
19.1,-0.65311
19.2,-0.65287
19.3,-0.65186
19.4,-0.64471
19.5,-0.63424
19.6,-0.63014
19.7,-0.63055
19.8,-0.62753
19.9,-0.62699
20,-0.62861
20.1,-0.62679
20.2,-0.62801
20.3,-0.63024
20.4,-0.63365
20.5,-0.62702
20.6,-0.62288
20.7,-0.62051
20.8,-0.62268
20.9,-0.63255
21,-0.64333
21.1,-0.6566
21.2,-0.66643
21.3,-0.67913
21.4,-0.69192
21.5,-0.69871
21.6,-0.7072
21.7,-0.71283
21.8,-0.71467
21.9,-0.71845
22,-0.71258
22.1,-0.70604
22.2,-0.69776
22.3,-0.68796
22.4,-0.67489
22.5,-0.65651
22.6,-0.6374
22.7,-0.63061
22.8,-0.62776
22.9,-0.62075
23,-0.61941
23.1,-0.61607
23.2,-0.61202
23.3,-0.61461
23.4,-0.60752
23.5,-0.60644
23.6,-0.60548
23.7,-0.60547
23.8,-0.61268
23.9,-0.61746
24,-0.61873
24.1,-0.62345
24.2,-0.62388
24.3,-0.62739
24.4,-0.63177
24.5,-0.63709
24.6,-0.63938
24.7,-0.64595
24.8,-0.6525
24.9,-0.66595
25,-0.67371
25.1,-0.67666
25.2,-0.67433
25.3,-0.6721
25.4,-0.6722
25.5,-0.66839
25.6,-0.66554
25.7,-0.67014
25.8,-0.66995
25.9,-0.66999
26,-0.67556
26.1,-0.68317
26.2,-0.68421
26.3,-0.68376
26.4,-0.68135
26.5,-0.67755
26.6,-0.68066
26.7,-0.67948
26.8,-0.6795
26.9,-0.67965
27,-0.68065
27.1,-0.68612
27.2,-0.68648
27.3,-0.68882
27.4,-0.68889
27.5,-0.68722
27.6,-0.68486
27.7,-0.68046
27.8,-0.68729
27.9,-0.69385
28,-0.69003
28.1,-0.68963
28.2,-0.68726
28.3,-0.68349
28.4,-0.68135
28.5,-0.68301
28.6,-0.68671
28.7,-0.6848
28.8,-0.68013
28.9,-0.68436
29,-0.6846
29.1,-0.68284
29.2,-0.67893
29.3,-0.67692
29.4,-0.6749
29.5,-0.66787
29.6,-0.66077
29.7,-0.65955
29.8,-0.65709
29.9,-0.65295
30,-0.64703
30.1,-0.64005
30.2,-0.63511
30.3,-0.63044
30.4,-0.62572
30.5,-0.61683
30.6,-0.60647
30.7,-0.59621
30.8,-0.58686
30.9,-0.58342
31,-0.58222
31.1,-0.58772
31.2,-0.58664
31.3,-0.58622
31.4,-0.58829
31.5,-0.59102
31.6,-0.58348
31.7,-0.5764
31.8,-0.5702
31.9,-0.56835
32,-0.57305
32.1,-0.57448
32.2,-0.57879
32.3,-0.57854
32.4,-0.57995
32.5,-0.57964
32.6,-0.59045
32.7,-0.59734
32.8,-0.59584
32.9,-0.59138
33,-0.59175
33.1,-0.5915
33.2,-0.59174
33.3,-0.58839
33.4,-0.59208
33.5,-0.59149
33.6,-0.58746
33.7,-0.5919
33.8,-0.60005
33.9,-0.60907
34,-0.61673
34.1,-0.6272
34.2,-0.63857
34.3,-0.64643
34.4,-0.65396
34.5,-0.66158
34.6,-0.66354
34.7,-0.66643
34.8,-0.66248
34.9,-0.66782
35,-0.66733
35.1,-0.66521
35.2,-0.66646
35.3,-0.6656
35.4,-0.65655
35.5,-0.64718
35.6,-0.63648
35.7,-0.6253
35.8,-0.61809
35.9,-0.60839
36,-0.60215
36.1,-0.59371
36.2,-0.58946
36.3,-0.57932
36.4,-0.57413
36.5,-0.57145
36.6,-0.56912
36.7,-0.56793
36.8,-0.56758
36.9,-0.56784
37,-0.56986
37.1,-0.57083
37.2,-0.57064
37.3,-0.56735
37.4,-0.57001
37.5,-0.57581
37.6,-0.58433
37.7,-0.60109
37.8,-0.61725
37.9,-0.62941
38,-0.64332
38.1,-0.65532
38.2,-0.6649
38.3,-0.67397
38.4,-0.68685
38.5,-0.70231
38.6,-0.71555
38.7,-0.72413
38.8,-0.72842
38.9,-0.73023
39,-0.73336
39.1,-0.74304
39.2,-0.75633
39.3,-0.76943
39.4,-0.78095
39.5,-0.79094
39.6,-0.79424
39.7,-0.79386
39.8,-0.791
39.9,-0.78782
40,-0.79141
40.1,-0.79721
40.2,-0.80257
40.3,-0.79757
40.4,-0.79409
40.5,-0.79445
40.6,-0.79434
40.7,-0.79742
40.8,-0.79816
40.9,-0.80433
41,-0.80783
41.1,-0.81504
41.2,-0.82256
41.3,-0.82785
41.4,-0.83302
41.5,-0.83459
41.6,-0.83425
41.7,-0.82843
41.8,-0.82351
41.9,-0.82485
42,-0.82431
42.1,-0.82292
42.2,-0.82
42.3,-0.81528
42.4,-0.81996
42.5,-0.82288
42.6,-0.82347
42.7,-0.82817
42.8,-0.82895
42.9,-0.83296
43,-0.83923
43.1,-0.84111
43.2,-0.84327
43.3,-0.84359
43.4,-0.84302
43.5,-0.84216
43.6,-0.84464
43.7,-0.84951
43.8,-0.85547
43.9,-0.85049
44,-0.83948
44.1,-0.83539
44.2,-0.82555
44.3,-0.81874
44.4,-0.81022
44.5,-0.80087
44.6,-0.79583
44.7,-0.79162
44.8,-0.79094
44.9,-0.79166
45,-0.7952
45.1,-0.79684
45.2,-0.79417
45.3,-0.79347
45.4,-0.78742
45.5,-0.77709
45.6,-0.77589
45.7,-0.77058
45.8,-0.76885
45.9,-0.77787
46,-0.78489
46.1,-0.78585
46.2,-0.79089
46.3,-0.79458
46.4,-0.79676
46.5,-0.80669
46.6,-0.81227
46.7,-0.81592
46.8,-0.82831
46.9,-0.83868
47,-0.85198
47.1,-0.86274
47.2,-0.86951
47.3,-0.87446
47.4,-0.88151
47.5,-0.88535
47.6,-0.89195
47.7,-0.89639
47.8,-0.90015
47.9,-0.90341
48,-0.90102
48.1,-0.89129
48.2,-0.88308
48.3,-0.87508
48.4,-0.86922
48.5,-0.86836
48.6,-0.86445
48.7,-0.8593
48.8,-0.85664
48.9,-0.85102
49,-0.85095
49.1,-0.85003
49.2,-0.85017
49.3,-0.85629
49.4,-0.86333
49.5,-0.86587
49.6,-0.86464
49.7,-0.86556
49.8,-0.87166
49.9,-0.87892
50,-0.88707
50.1,-0.89195
50.2,-0.89486
50.3,-0.89664
50.4,-0.89848
50.5,-0.90233
50.6,-0.89921
50.7,-0.89732
50.8,-0.89965
50.9,-0.89631
51,-0.89491
51.1,-0.89281
51.2,-0.89193
51.3,-0.88598
51.4,-0.88247
51.5,-0.87605
51.6,-0.86273
51.7,-0.8514
51.8,-0.84935
51.9,-0.84069
52,-0.82658
52.1,-0.81335
52.2,-0.80035
52.3,-0.80173
52.4,-0.80229
52.5,-0.79985
52.6,-0.8014
52.7,-0.80049
52.8,-0.79516
52.9,-0.78798
53,-0.78441
53.1,-0.78383
53.2,-0.77777
53.3,-0.77264
53.4,-0.77114
53.5,-0.77118
53.6,-0.76954
53.7,-0.76064
53.8,-0.75589
53.9,-0.75119
54,-0.75029
54.1,-0.75097
54.2,-0.7506
54.3,-0.74916
54.4,-0.74938
54.5,-0.75257
54.6,-0.75265
54.7,-0.75449
54.8,-0.76057
54.9,-0.76599
55,-0.77013
55.1,-0.77343
55.2,-0.77947
55.3,-0.78339
55.4,-0.7781
55.5,-0.77301
55.6,-0.76852
55.7,-0.76283
55.8,-0.76034
55.9,-0.7546
56,-0.74898
56.1,-0.74198
56.2,-0.7362
56.3,-0.73492
56.4,-0.72902
56.5,-0.72714
56.6,-0.71778
56.7,-0.70589
56.8,-0.69625
56.9,-0.69129
57,-0.68867
57.1,-0.68895
57.2,-0.68693
57.3,-0.68066
57.4,-0.67402
57.5,-0.6724
57.6,-0.67241
57.7,-0.67277
57.8,-0.67276
57.9,-0.6707
58,-0.67048
58.1,-0.6727
58.2,-0.67555
58.3,-0.67603
58.4,-0.67666
58.5,-0.68801
58.6,-0.68859
58.7,-0.69274
58.8,-0.70324
58.9,-0.71192
59,-0.72177
59.1,-0.73102
59.2,-0.73678
59.3,-0.73643
59.4,-0.73956
59.5,-0.73852
59.6,-0.74074
59.7,-0.74271
59.8,-0.7432
59.9,-0.74235
60,-0.74032
60.1,-0.73594
60.2,-0.73142
60.3,-0.72663
60.4,-0.72348
60.5,-0.71959
60.6,-0.7177
60.7,-0.71781
60.8,-0.7112
60.9,-0.7049
61,-0.69472
61.1,-0.67938
61.2,-0.6691
61.3,-0.66108
61.4,-0.64838
61.5,-0.62829
61.6,-0.61767
61.7,-0.60908
61.8,-0.60364
61.9,-0.59975
62,-0.59052
62.1,-0.58515
62.2,-0.58434
62.3,-0.58421
62.4,-0.57929
62.5,-0.57493
62.6,-0.57397
62.7,-0.56974
62.8,-0.56685
62.9,-0.565
63,-0.56399
63.1,-0.57683
63.2,-0.593
63.3,-0.6106
63.4,-0.6252
63.5,-0.6386
63.6,-0.6558
63.7,-0.66867
63.8,-0.67249
63.9,-0.67659
64,-0.68134
64.1,-0.68558
64.2,-0.69465
64.3,-0.69656
64.4,-0.70386
64.5,-0.71366
64.6,-0.7216
64.7,-0.73338
64.8,-0.74981
64.9,-0.75713
65,-0.76181
65.1,-0.76093
65.2,-0.75791
65.3,-0.75608
65.4,-0.75251
65.5,-0.75434
65.6,-0.75312
65.7,-0.75182
65.8,-0.75267
65.9,-0.7508
66,-0.74905
66.1,-0.74631
66.2,-0.74336
66.3,-0.74197
66.4,-0.74033
66.5,-0.74079
66.6,-0.74313
66.7,-0.74579
66.8,-0.74592
66.9,-0.74747
67,-0.74781
67.1,-0.74893
67.2,-0.75252
67.3,-0.75795
67.4,-0.76478
67.5,-0.76607
67.6,-0.76047
67.7,-0.76028
67.8,-0.76183
67.9,-0.76037
68,-0.75754
68.1,-0.75035
68.2,-0.75071
68.3,-0.75061
68.4,-0.7537
68.5,-0.75842
68.6,-0.76842
68.7,-0.77671
68.8,-0.77769
68.9,-0.77547
69,-0.77117
69.1,-0.76355
69.2,-0.76078
69.3,-0.75962
69.4,-0.75623
69.5,-0.75072
69.6,-0.74195
69.7,-0.72824
69.8,-0.71696
69.9,-0.70792
70,-0.70351
70.1,-0.7007
70.2,-0.70239
70.3,-0.70189
70.4,-0.70368
70.5,-0.70143
70.6,-0.69928
70.7,-0.69616
70.8,-0.69684
70.9,-0.69699
71,-0.69237
71.1,-0.68764
71.2,-0.68595
71.3,-0.68748
71.4,-0.68943
71.5,-0.68831
71.6,-0.68311
71.7,-0.67359
71.8,-0.66192
71.9,-0.6527
72,-0.64625
72.1,-0.64188
72.2,-0.63577
72.3,-0.62931
72.4,-0.61929
72.5,-0.60228
72.6,-0.59475
72.7,-0.58506
72.8,-0.57966
72.9,-0.57511
73,-0.56948
73.1,-0.5658
73.2,-0.55894
73.3,-0.55232
73.4,-0.54314
73.5,-0.5314
73.6,-0.52124
73.7,-0.50949
73.8,-0.50315
73.9,-0.50227
74,-0.5065
74.1,-0.50999
74.2,-0.51364
74.3,-0.51593
74.4,-0.52207
74.5,-0.52997
74.6,-0.54366
74.7,-0.55433
74.8,-0.56077
74.9,-0.56924
75,-0.58293
75.1,-0.59924
75.2,-0.61526
75.3,-0.62879
75.4,-0.63751
75.5,-0.65305
75.6,-0.66798
75.7,-0.68164
75.8,-0.68717
75.9,-0.69799
76,-0.70901
76.1,-0.72213
76.2,-0.72567
76.3,-0.73583
76.4,-0.74301
76.5,-0.75018
76.6,-0.75104
76.7,-0.74792
76.8,-0.74369
76.9,-0.73666
77,-0.72943
77.1,-0.7234
77.2,-0.71396
77.3,-0.70416
77.4,-0.70293
77.5,-0.70453
77.6,-0.70305
77.7,-0.70215
77.8,-0.7057
77.9,-0.7069
78,-0.71152
78.1,-0.71776
78.2,-0.71533
78.3,-0.70526
78.4,-0.6959
78.5,-0.68443
78.6,-0.67543
78.7,-0.67117
78.8,-0.67384
78.9,-0.6815
79,-0.67954
79.1,-0.67665
79.2,-0.67823
79.3,-0.67893
79.4,-0.67725
79.5,-0.66796
79.6,-0.66067
79.7,-0.65444
79.8,-0.64804
79.9,-0.64017
80,-0.63683
80.1,-0.63694
80.2,-0.6364
80.3,-0.63237
80.4,-0.63219
80.5,-0.63222
80.6,-0.62789
80.7,-0.62233
80.8,-0.61597
80.9,-0.6111
81,-0.60421
81.1,-0.6028
81.2,-0.60259
81.3,-0.60845
81.4,-0.61067
81.5,-0.60961
81.6,-0.61887
81.7,-0.62125
81.8,-0.62256
81.9,-0.62134
82,-0.6157
82.1,-0.60888
82.2,-0.60535
82.3,-0.60199
82.4,-0.5925
82.5,-0.58648
82.6,-0.57892
82.7,-0.57716
82.8,-0.57941
82.9,-0.58776
83,-0.59891
83.1,-0.601
83.2,-0.60283
83.3,-0.60453
83.4,-0.60221
83.5,-0.60727
83.6,-0.61211
83.7,-0.61792
83.8,-0.62399
83.9,-0.62856
84,-0.63148
84.1,-0.6341
84.2,-0.62925
84.3,-0.62681
84.4,-0.62597
84.5,-0.62421
84.6,-0.62287
84.7,-0.62331
84.8,-0.62282
84.9,-0.62662
85,-0.62995
85.1,-0.6283
85.2,-0.62556
85.3,-0.62651
85.4,-0.62621
85.5,-0.63002
85.6,-0.63193
85.7,-0.63085
85.8,-0.63364
85.9,-0.63317
86,-0.63244
86.1,-0.63571
86.2,-0.63905
86.3,-0.63704
86.4,-0.63839
86.5,-0.63364
86.6,-0.63139
86.7,-0.61889
86.8,-0.61051
86.9,-0.60308
87,-0.6008
87.1,-0.59431
87.2,-0.58881
87.3,-0.58304
87.4,-0.57768
87.5,-0.57636
87.6,-0.57347
87.7,-0.56744
87.8,-0.56623
87.9,-0.56519
88,-0.55983
88.1,-0.55663
88.2,-0.54703
88.3,-0.53285
88.4,-0.52198
88.5,-0.51115
88.6,-0.50456
88.7,-0.50085
88.8,-0.49446
88.9,-0.48723
89,-0.48482
89.1,-0.48266
89.2,-0.47499
89.3,-0.47164
89.4,-0.46768
89.5,-0.46514
89.6,-0.46961
89.7,-0.48293
89.8,-0.49754
89.9,-0.5106
90,-0.52335
90.1,-0.53318
90.2,-0.54483
90.3,-0.55939
90.4,-0.56735
90.5,-0.56671
90.6,-0.5656
90.7,-0.56643
90.8,-0.57695
90.9,-0.57093
91,-0.57047
91.1,-0.5659
91.2,-0.56222
91.3,-0.56734
91.4,-0.57694
91.5,-0.58905
91.6,-0.59517
91.7,-0.59053
91.8,-0.58849
91.9,-0.59274
92,-0.59559
92.1,-0.58837
92.2,-0.5797
92.3,-0.57365
92.4,-0.57024
92.5,-0.56993
92.6,-0.57145
92.7,-0.56935
92.8,-0.56692
92.9,-0.56065
93,-0.5549
93.1,-0.5526
93.2,-0.55114
93.3,-0.54838
93.4,-0.54857
93.5,-0.54648
93.6,-0.53753
93.7,-0.53557
93.8,-0.53368
93.9,-0.52944
94,-0.52836
94.1,-0.52323
94.2,-0.51643
94.3,-0.51069
94.4,-0.51133
94.5,-0.51548
94.6,-0.5207
94.7,-0.53152
94.8,-0.53876
94.9,-0.54767
95,-0.553
95.1,-0.55682
95.2,-0.5597
95.3,-0.55738
95.4,-0.55719
95.5,-0.55367
95.6,-0.55667
95.7,-0.55847
95.8,-0.55897
95.9,-0.56744
96,-0.56982
96.1,-0.57352
96.2,-0.57384
96.3,-0.58036
96.4,-0.58527
96.5,-0.58579
96.6,-0.58538
96.7,-0.58199
96.8,-0.58134
96.9,-0.57508
97,-0.56837
97.1,-0.56139
97.2,-0.5595
97.3,-0.55468
97.4,-0.54745
97.5,-0.53891
97.6,-0.5291
97.7,-0.52605
97.8,-0.5151
97.9,-0.50148
98,-0.49085
98.1,-0.48536
98.2,-0.48117
98.3,-0.47481
98.4,-0.47777
98.5,-0.48368
98.6,-0.479
98.7,-0.47241
98.8,-0.46606
98.9,-0.4611
99,-0.45934
99.1,-0.45032
99.2,-0.44479
99.3,-0.44035
99.4,-0.43165
99.5,-0.43068
99.6,-0.43074
99.7,-0.43018
99.8,-0.42747
99.9,-0.42064
100,-0.41487
100.1,-0.41549
100.2,-0.40643
100.3,-0.39296
100.4,-0.38548
100.5,-0.37266
100.6,-0.35669
100.7,-0.34824
100.8,-0.33994
100.9,-0.32652
101,-0.31671
101.1,-0.31893
101.2,-0.32558
101.3,-0.33625
101.4,-0.34251
101.5,-0.33882
101.6,-0.33615
101.7,-0.33368
101.8,-0.33493
101.9,-0.33558
102,-0.33797
102.1,-0.33862
102.2,-0.33315
102.3,-0.3269
102.4,-0.32544
102.5,-0.32545
102.6,-0.32376
102.7,-0.31613
102.8,-0.31391
102.9,-0.31159
103,-0.30093
103.1,-0.29397
103.2,-0.28235
103.3,-0.27317
103.4,-0.26873
103.5,-0.25936
103.6,-0.25211
103.7,-0.25194
103.8,-0.24712
103.9,-0.24558
104,-0.24141
104.1,-0.23429
104.2,-0.23019
104.3,-0.22089
104.4,-0.2142
104.5,-0.21086
104.6,-0.20771
104.7,-0.20039
104.8,-0.19348
104.9,-0.19336
105,-0.18844
105.1,-0.18474
105.2,-0.17879
105.3,-0.17087
105.4,-0.15469
105.5,-0.14328
105.6,-0.14
105.7,-0.13684
105.8,-0.13805
105.9,-0.141
106,-0.14018
106.1,-0.14084
106.2,-0.14633
106.3,-0.14426
106.4,-0.14435
106.5,-0.14573
106.6,-0.14783
106.7,-0.14635
106.8,-0.14055
106.9,-0.1277
107,-0.11477
107.1,-0.10418
107.2,-0.09836
107.3,-0.09501
107.4,-0.09071
107.5,-0.08238
107.6,-0.06999
107.7,-0.05776
107.8,-0.04662
107.9,-0.03041
108,-0.01146
108.1,0.00286
108.2,0.01287
108.3,0.02236
108.4,0.02482
108.5,0.02913
108.6,0.03136
108.7,0.03349
108.8,0.04123
108.9,0.05392
109,0.06624
109.1,0.08065
109.2,0.09303
109.3,0.10923
109.4,0.12356
109.5,0.1344
109.6,0.1385
109.7,0.14383
109.8,0.14865
109.9,0.15667
110,0.16241
110.1,0.17758
110.2,0.2032
110.3,0.22584
110.4,0.25636
110.5,0.29074
110.6,0.32791
110.7,0.36773
110.8,0.41191
110.9,0.45844
111,0.50936
111.1,0.56939
111.2,0.62592
111.3,0.68035
111.4,0.73291
111.5,0.78387
111.6,0.83347
111.7,0.87867
111.8,0.92604
111.9,0.9671
112,1.01884
112.1,1.07049
112.2,1.12749
112.3,1.18248
112.4,1.231
112.5,1.27837
112.6,1.32424
112.7,1.37116
112.8,1.41316
112.9,1.44741
113,1.48348
113.1,1.51584
113.2,1.54836
113.3,1.58973
113.4,1.63472
113.5,1.67631
113.6,1.71561
113.7,1.75534
113.8,1.79892
113.9,1.838
114,1.879
114.1,1.91928
114.2,1.9568
114.3,1.99266
114.4,2.02097
114.5,2.0523
114.6,2.08353
114.7,2.1064
114.8,2.13621
114.9,2.16482
115,2.19392
115.1,2.21775
115.2,2.24219
115.3,2.25782
115.4,2.27934
115.5,2.30037
115.6,2.32015
115.7,2.33639
115.8,2.35406
115.9,2.37042
116,2.38347
116.1,2.3963
116.2,2.41126
116.3,2.42682
116.4,2.44475
116.5,2.45923
116.6,2.47729
116.7,2.49386
116.8,2.51491
116.9,2.53209
117,2.54716
117.1,2.56384
117.2,2.57741
117.3,2.58558
117.4,2.59672
117.5,2.6105
117.6,2.62194
117.7,2.63248
117.8,2.64562
117.9,2.66435
118,2.67603
118.1,2.69284
118.2,2.70712
118.3,2.71624
118.4,2.72312
118.5,2.73082
118.6,2.74684
118.7,2.76407
118.8,2.77728
118.9,2.79318
119,2.80926
119.1,2.82217
119.2,2.84023
119.3,2.8504
119.4,2.86206
119.5,2.87026
119.6,2.88115
119.7,2.88928
119.8,2.89719
119.9,2.90098
120,2.90347
120.1,2.90496
120.2,2.90699
120.3,2.90507
120.4,2.90763
120.5,2.9103
120.6,2.9094
120.7,2.9118
120.8,2.91104
120.9,2.90719
121,2.9104
121.1,2.91572
121.2,2.919
121.3,2.9182
121.4,2.91775
121.5,2.91477
121.6,2.91446
121.7,2.91943
121.8,2.9274
121.9,2.94023
122,2.94934
122.1,2.955
122.2,2.96158
122.3,2.96672
122.4,2.97653
122.5,2.98668
122.6,2.99153
122.7,2.99835
122.8,3.01087
122.9,3.01947
123,3.02589
123.1,3.03385
123.2,3.04521
123.3,3.05351
123.4,3.06734
123.5,3.08499
123.6,3.10066
123.7,3.11466
123.8,3.12796
123.9,3.14242
124,3.15371
124.1,3.17026
124.2,3.19293
124.3,3.21779
124.4,3.23993
124.5,3.26548
124.6,3.28825
124.7,3.31174
124.8,3.33906
124.9,3.36041
125,3.37755
125.1,3.39503
125.2,3.41329
125.3,3.42722
125.4,3.44166
125.5,3.4585
125.6,3.47858
125.7,3.49554
125.8,3.51012
125.9,3.52819
126,3.55198
126.1,3.57238
126.2,3.5953
126.3,3.61384
126.4,3.63055
126.5,3.64626
126.6,3.65886
126.7,3.67007
126.8,3.68224
126.9,3.69655
127,3.70492
127.1,3.7186
127.2,3.7327
127.3,3.74258
127.4,3.75001
127.5,3.7581
127.6,3.76913
127.7,3.78477
127.8,3.79635
127.9,3.81073
128,3.8294
128.1,3.85154
128.2,3.87184
128.3,3.88626
128.4,3.90098
128.5,3.91138
128.6,3.9232
128.7,3.92952
128.8,3.93758
128.9,3.94586
129,3.95222
129.1,3.96223
129.2,3.98126
129.3,3.99836
129.4,4.01636
129.5,4.02484
129.6,4.03275
129.7,4.03966
129.8,4.04144
129.9,4.04021
130,4.03666
130.1,4.03397
130.2,4.03443
130.3,4.0351
130.4,4.03174
130.5,4.02236
130.6,4.01294
130.7,4.00866
130.8,4.00466
130.9,4.0102
131,4.01439
131.1,4.01743
131.2,4.01751
131.3,4.00795
131.4,3.99773
131.5,3.99237
131.6,3.98064
131.7,3.97345
131.8,3.96974
131.9,3.96538
132,3.96482
132.1,3.96884
132.2,3.96697
132.3,3.96195
132.4,3.95348
132.5,3.94693
132.6,3.94704
132.7,3.94066
132.8,3.93312
132.9,3.928
133,3.9244
133.1,3.91582
133.2,3.91229
133.3,3.90632
133.4,3.89405
133.5,3.87981
133.6,3.8687
133.7,3.85202
133.8,3.82945
133.9,3.81312
134,3.79458
134.1,3.78
134.2,3.76319
134.3,3.7469
134.4,3.72798
134.5,3.70622
134.6,3.6903
134.7,3.67193
134.8,3.64749
134.9,3.62668
135,3.60457
135.1,3.58519
135.2,3.56522
135.3,3.5436
135.4,3.52713
135.5,3.51117
135.6,3.49319
135.7,3.47001
135.8,3.44556
135.9,3.41942
136,3.39344
136.1,3.36863
136.2,3.34674
136.3,3.32192
136.4,3.30442
136.5,3.29264
136.6,3.27935
136.7,3.26343
136.8,3.25041
136.9,3.24172
137,3.23585
137.1,3.22649
137.2,3.21316
137.3,3.2038
137.4,3.19842
137.5,3.19808
137.6,3.19372
137.7,3.19399
137.8,3.19592
137.9,3.20376
138,3.20416
138.1,3.20174
138.2,3.20708
138.3,3.21277
138.4,3.21282
138.5,3.21235
138.6,3.21612
138.7,3.22704
138.8,3.23097
138.9,3.23801
139,3.25002
139.1,3.2591
139.2,3.27175
139.3,3.28065
139.4,3.28942
139.5,3.29273
139.6,3.30594
139.7,3.31678
139.8,3.3294
139.9,3.33929
140,3.34886
140.1,3.34951
140.2,3.3518
140.3,3.35534
140.4,3.36113
140.5,3.36296
140.6,3.3723
140.7,3.38025
140.8,3.38872
140.9,3.39212
141,3.3911
141.1,3.39029
141.2,3.38489
141.3,3.38455
141.4,3.38087
141.5,3.38212
141.6,3.38844
141.7,3.38633
141.8,3.38236
141.9,3.38414
142,3.38808
142.1,3.39606
142.2,3.4055
142.3,3.42019
142.4,3.43585
142.5,3.44946
142.6,3.46217
142.7,3.47666
142.8,3.48301
142.9,3.48506
143,3.49113
143.1,3.50472
143.2,3.51464
143.3,3.52043
143.4,3.52543
143.5,3.52819
143.6,3.53471
143.7,3.54593
143.8,3.55742
143.9,3.56809
144,3.57611
144.1,3.58925
144.2,3.60275
144.3,3.61533
144.4,3.62309
144.5,3.62691
144.6,3.62953
144.7,3.62987
144.8,3.63278
144.9,3.6407
145,3.64003
145.1,3.63929
145.2,3.6391
145.3,3.63644
145.4,3.62789
145.5,3.62327
145.6,3.62028
145.7,3.61298
145.8,3.60111
145.9,3.59146
146,3.58291
146.1,3.56949
146.2,3.55758
146.3,3.54918
146.4,3.54313
146.5,3.53006
146.6,3.51074
146.7,3.48997
146.8,3.47704
146.9,3.46382
147,3.44797
147.1,3.42775
147.2,3.40584
147.3,3.37786
147.4,3.35444
147.5,3.33171
147.6,3.31151
147.7,3.29397
147.8,3.277
147.9,3.25813
148,3.24473
148.1,3.2351
148.2,3.23067
148.3,3.22395
148.4,3.21106
148.5,3.1983
148.6,3.18704
148.7,3.17924
148.8,3.17439
148.9,3.17198
149,3.17489
149.1,3.177
149.2,3.18434
149.3,3.19448
149.4,3.19734
149.5,3.20191
149.6,3.20956
149.7,3.21818
149.8,3.22328
149.9,3.22269
150,3.22225
150.1,3.22443
150.2,3.23432
150.3,3.23167
150.4,3.22632
150.5,3.22239
150.6,3.21873
150.7,3.21731
150.8,3.21838
150.9,3.21464
151,3.20845
151.1,3.20522
151.2,3.19839
151.3,3.18801
151.4,3.18228
151.5,3.17733
151.6,3.17039
151.7,3.15878
151.8,3.15328
151.9,3.15001
152,3.14604
152.1,3.14186
152.2,3.13904
152.3,3.14098
152.4,3.14653
152.5,3.15413
152.6,3.16545
152.7,3.17387
152.8,3.18131
152.9,3.19151
153,3.2063
153.1,3.21838
153.2,3.22274
153.3,3.22845
153.4,3.23434
153.5,3.24637
153.6,3.26003
153.7,3.27544
153.8,3.29318
153.9,3.30483
154,3.3129
154.1,3.32297
154.2,3.3306
154.3,3.33559
154.4,3.3334
154.5,3.33859
154.6,3.33931
154.7,3.3401
154.8,3.34139
154.9,3.33678
155,3.33515
155.1,3.32915
155.2,3.31914
155.3,3.30689
155.4,3.30408
155.5,3.30047
155.6,3.29919
155.7,3.29647
155.8,3.29306
155.9,3.29003
156,3.28004
156.1,3.26953
156.2,3.25805
156.3,3.25003
156.4,3.24234
156.5,3.23457
156.6,3.22719
156.7,3.22634
156.8,3.21838
156.9,3.20373
157,3.19763
157.1,3.18652
157.2,3.16877
157.3,3.15453
157.4,3.13977
157.5,3.12499
157.6,3.10914
157.7,3.09307
157.8,3.08053
157.9,3.07725
158,3.07244
158.1,3.06899
158.2,3.06771
158.3,3.06624
158.4,3.06462
158.5,3.0616
158.6,3.05724
158.7,3.06092
158.8,3.06324
158.9,3.06189
159,3.06447
159.1,3.07213
159.2,3.08251
159.3,3.08751
159.4,3.08981
159.5,3.09696
159.6,3.10341
159.7,3.10231
159.8,3.10105
159.9,3.10165
160,3.11164
160.1,3.11856
160.2,3.12518
160.3,3.1317
160.4,3.13755
160.5,3.13657
160.6,3.13778
160.7,3.1426
160.8,3.14359
160.9,3.13902
161,3.14618
161.1,3.15239
161.2,3.15816
161.3,3.16052
161.4,3.1548
161.5,3.14569
161.6,3.13462
161.7,3.1192
161.8,3.11165
161.9,3.11137
162,3.11554
162.1,3.12231
162.2,3.12393
162.3,3.12715
162.4,3.13548
162.5,3.13857
162.6,3.14706
162.7,3.15442
162.8,3.15654
162.9,3.16216
163,3.16847
163.1,3.1706
163.2,3.17087
163.3,3.17393
163.4,3.18475
163.5,3.19419
163.6,3.20011
163.7,3.19961
163.8,3.20153
163.9,3.20643
164,3.21246
164.1,3.22051
164.2,3.22496
164.3,3.22374
164.4,3.22734
164.5,3.23249
164.6,3.23795
164.7,3.23646
164.8,3.24045
164.9,3.24367
165,3.24412
165.1,3.2449
165.2,3.24633
165.3,3.25316
165.4,3.25433
165.5,3.24829
165.6,3.25122
165.7,3.24873
165.8,3.246
165.9,3.23728
166,3.22715
166.1,3.21554
166.2,3.20515
166.3,3.19339
166.4,3.18094
166.5,3.16427
166.6,3.151
166.7,3.14105
166.8,3.13806
166.9,3.13362
167,3.13187
167.1,3.12629
167.2,3.12155
167.3,3.11285
167.4,3.09725
167.5,3.08156
167.6,3.07077
167.7,3.06062
167.8,3.05007
167.9,3.03929
168,3.029
168.1,3.01432
168.2,3.00281
168.3,2.99502
168.4,2.98436
168.5,2.98468
168.6,2.98082
168.7,2.97223
168.8,2.96356
168.9,2.95271
169,2.94659
169.1,2.94135
169.2,2.93814
169.3,2.93413
169.4,2.92852
169.5,2.91706
169.6,2.90643
169.7,2.89227
169.8,2.87511
169.9,2.8581
170,2.84027
170.1,2.82315
170.2,2.80289
170.3,2.7849
170.4,2.7607
170.5,2.73346
170.6,2.7031
170.7,2.67048
170.8,2.64677
170.9,2.62477
171,2.60515
171.1,2.58675
171.2,2.5748
171.3,2.56506
171.4,2.55971
171.5,2.55696
171.6,2.55501
171.7,2.56074
171.8,2.56346
171.9,2.57083
172,2.57938
172.1,2.5845
172.2,2.59257
172.3,2.59887
172.4,2.59967
172.5,2.60195
172.6,2.61067
172.7,2.6168
172.8,2.61965
172.9,2.627
173,2.63346
173.1,2.63622
173.2,2.63994
173.3,2.63984
173.4,2.64415
173.5,2.64972
173.6,2.64488
173.7,2.64259
173.8,2.63707
173.9,2.62877
174,2.62604
174.1,2.61579
174.2,2.6008
174.3,2.58618
174.4,2.57994
174.5,2.5752
174.6,2.57213
174.7,2.56806
174.8,2.56626
174.9,2.56632
175,2.56923
175.1,2.57002
175.2,2.57278
175.3,2.57033
175.4,2.57503
175.5,2.5844
175.6,2.59548
175.7,2.60918
175.8,2.61657
175.9,2.62784
176,2.6277
176.1,2.62463
176.2,2.62666
176.3,2.62852
176.4,2.63133
176.5,2.63498
176.6,2.64395
176.7,2.64974
176.8,2.65062
176.9,2.65131
177,2.66162
177.1,2.66829
177.2,2.66646
177.3,2.66271
177.4,2.66004
177.5,2.66264
177.6,2.66509
177.7,2.66781
177.8,2.67563
177.9,2.68351
178,2.68743
178.1,2.69936
178.2,2.71591
178.3,2.73165
178.4,2.74371
178.5,2.75148
178.6,2.76153
178.7,2.7746
178.8,2.7882
178.9,2.80297
179,2.81915
179.1,2.82819
179.2,2.84252
179.3,2.86315
179.4,2.88619
179.5,2.91205
179.6,2.93545
179.7,2.95176
179.8,2.96428
179.9,2.97375
180,2.98273
180.1,2.99333
180.2,3.00059
180.3,3.01136
180.4,3.02177
180.5,3.03045
180.6,3.04273
180.7,3.06252
180.8,3.08281
180.9,3.10375
181,3.11616
181.1,3.12625
181.2,3.1336
181.3,3.13881
181.4,3.14567
181.5,3.15476
181.6,3.16624
181.7,3.18465
181.8,3.19872
181.9,3.21394
182,3.22459
182.1,3.23519
182.2,3.23894
182.3,3.24322
182.4,3.25066
182.5,3.25581
182.6,3.2632
182.7,3.27375
182.8,3.28315
182.9,3.28715
183,3.29377
183.1,3.30053
183.2,3.30675
183.3,3.31606
183.4,3.32754
183.5,3.34055
183.6,3.35199
183.7,3.3656
183.8,3.3786
183.9,3.38888
184,3.4041
184.1,3.4181
184.2,3.42503
184.3,3.43941
184.4,3.45003
184.5,3.45378
184.6,3.44684
184.7,3.44179
184.8,3.44062
184.9,3.43885
185,3.43674
185.1,3.43909
185.2,3.44088
185.3,3.44476
185.4,3.44472
185.5,3.43652
185.6,3.42109
185.7,3.40737
185.8,3.39345
185.9,3.38358
186,3.37381
186.1,3.36269
186.2,3.34556
186.3,3.32895
186.4,3.31499
186.5,3.29805
186.6,3.28189
186.7,3.2672
186.8,3.25353
186.9,3.23864
187,3.21741
187.1,3.19616
187.2,3.17892
187.3,3.16032
187.4,3.14615
187.5,3.13325
187.6,3.12182
187.7,3.11517
187.8,3.11473
187.9,3.11816
188,3.12726
188.1,3.12673
188.2,3.11962
188.3,3.1021
188.4,3.08871
188.5,3.0757
188.6,3.06635
188.7,3.0575
188.8,3.0534
188.9,3.05727
189,3.05906
189.1,3.06609
189.2,3.07197
189.3,3.07867
189.4,3.08586
189.5,3.09397
189.6,3.09395
189.7,3.09669
189.8,3.0986
189.9,3.10178
190,3.10395
190.1,3.11058
190.2,3.11106
190.3,3.11138
190.4,3.1108
190.5,3.11228
190.6,3.11001
190.7,3.10708
190.8,3.09924
190.9,3.09581
191,3.0922
191.1,3.086
191.2,3.0754
191.3,3.07034
191.4,3.05924
191.5,3.04556
191.6,3.03662
191.7,3.02545
191.8,3.01574
191.9,3.0034
192,2.99371
192.1,2.98798
192.2,2.98201
192.3,2.96961
192.4,2.95847
192.5,2.95263
192.6,2.95454
192.7,2.96363
192.8,2.97117
192.9,2.97456
193,2.97732
193.1,2.97811
193.2,2.97962
193.3,2.98325
193.4,2.98763
193.5,2.99328
193.6,3.00106
193.7,3.01455
193.8,3.02144
193.9,3.02548
194,3.0302
194.1,3.03416
194.2,3.03993
194.3,3.04085
194.4,3.04424
194.5,3.04792
194.6,3.04806
194.7,3.04814
194.8,3.04343
194.9,3.03833
195,3.03523
195.1,3.03395
195.2,3.03031
195.3,3.02355
195.4,3.01481
195.5,3.00154
195.6,2.99062
195.7,2.98292
195.8,2.98529
195.9,2.98814
196,2.98892
196.1,2.99368
196.2,3.00406
196.3,3.0179
196.4,3.03114
196.5,3.04232
196.6,3.05674
196.7,3.07041
196.8,3.08256
196.9,3.09092
197,3.09782
197.1,3.11256
197.2,3.1303
197.3,3.14231
197.4,3.15554
197.5,3.16635
197.6,3.17232
197.7,3.18173
197.8,3.18755
197.9,3.19949
198,3.2071
198.1,3.20975
198.2,3.21468
198.3,3.22035
198.4,3.22654
198.5,3.22847
198.6,3.22982
198.7,3.23129
198.8,3.23589
198.9,3.23972
199,3.24536
199.1,3.24749
199.2,3.24414
199.3,3.23928
199.4,3.23448
199.5,3.23455
199.6,3.23643
199.7,3.23439
199.8,3.22828
199.9,3.217
200,3.20823
200.1,3.19999
200.2,3.19909
200.3,3.20007
200.4,3.19987
200.5,3.19299
200.6,3.18355
200.7,3.17459
200.8,3.16772
200.9,3.15704
201,3.14365
201.1,3.13357
201.2,3.12059
201.3,3.10883
201.4,3.09974
201.5,3.08404
201.6,3.06313
201.7,3.03685
201.8,3.00678
201.9,2.98266
202,2.96397
202.1,2.9461
202.2,2.9351
202.3,2.92712
202.4,2.91657
202.5,2.90264
202.6,2.88775
202.7,2.87064
202.8,2.85277
202.9,2.83763
203,2.82688
203.1,2.81911
203.2,2.81469
203.3,2.81159
203.4,2.80533
203.5,2.79702
203.6,2.79204
203.7,2.79038
203.8,2.7806
203.9,2.77956
204,2.77655
204.1,2.77653
204.2,2.77863
204.3,2.77896
204.4,2.77618
204.5,2.76588
204.6,2.7561
204.7,2.74915
204.8,2.7454
204.9,2.73097
205,2.72424
205.1,2.71276
205.2,2.70073
205.3,2.69838
205.4,2.69267
205.5,2.68544
205.6,2.6857
205.7,2.67728
205.8,2.66402
205.9,2.65359
206,2.6453
206.1,2.63598
206.2,2.62202
206.3,2.60842
206.4,2.59915
206.5,2.59273
206.6,2.58883
206.7,2.58643
206.8,2.5908
206.9,2.5911
207,2.5917
207.1,2.59625
207.2,2.59519
207.3,2.59239
207.4,2.59466
207.5,2.59737
207.6,2.60197
207.7,2.60778
207.8,2.61236
207.9,2.62045
208,2.62772
208.1,2.63588
208.2,2.64511
208.3,2.64423
208.4,2.64643
208.5,2.64999
208.6,2.65456
208.7,2.66183
208.8,2.66397
208.9,2.66768
209,2.66789
209.1,2.66341
209.2,2.66388
209.3,2.66155
209.4,2.65842
209.5,2.66022
209.6,2.6611
209.7,2.65932
209.8,2.66006
209.9,2.65932
210,2.65706
210.1,2.65796
210.2,2.65376
210.3,2.65095
210.4,2.65094
210.5,2.65295
210.6,2.64917
210.7,2.64176
210.8,2.63214
210.9,2.62652
211,2.61076
211.1,2.59454
211.2,2.5837
211.3,2.57112
211.4,2.55771
211.5,2.546
211.6,2.52998
211.7,2.51793
211.8,2.50743
211.9,2.50298
212,2.49934
212.1,2.50021
212.2,2.48945
212.3,2.4744
212.4,2.45669
212.5,2.43341
212.6,2.41196
212.7,2.39357
212.8,2.38394
212.9,2.37956
213,2.38016
213.1,2.38391
213.2,2.38301
213.3,2.38482
213.4,2.38585
213.5,2.38624
213.6,2.38878
213.7,2.39214
213.8,2.38898
213.9,2.38571
214,2.3871
214.1,2.38878
214.2,2.39035
214.3,2.38833
214.4,2.38834
214.5,2.38668
214.6,2.38938
214.7,2.39211
214.8,2.39848
214.9,2.40226
215,2.40161
215.1,2.38991
215.2,2.37498
215.3,2.35925
215.4,2.35464
215.5,2.35421
215.6,2.3447
215.7,2.33681
215.8,2.32758
215.9,2.32343
216,2.31822
216.1,2.31136
216.2,2.30331
216.3,2.29374
216.4,2.28788
216.5,2.28824
216.6,2.2931
216.7,2.29659
216.8,2.30161
216.9,2.30233
217,2.29989
217.1,2.29977
217.2,2.29351
217.3,2.28888
217.4,2.28533
217.5,2.28314
217.6,2.28302
217.7,2.2819
217.8,2.28218
217.9,2.28239
218,2.27713
218.1,2.26919
218.2,2.25563
218.3,2.24187
218.4,2.22555
218.5,2.20626
218.6,2.18729
218.7,2.16905
218.8,2.157
218.9,2.1457
219,2.12887
219.1,2.11148
219.2,2.09489
219.3,2.07716
219.4,2.0573
219.5,2.03694
219.6,2.01961
219.7,1.99842
219.8,1.98182
219.9,1.96148
220,1.9398
220.1,1.91882
220.2,1.90618
220.3,1.88956
220.4,1.86723
220.5,1.84793
220.6,1.82886
220.7,1.80258
220.8,1.76956
220.9,1.74373
221,1.71358
221.1,1.68512
221.2,1.65618
221.3,1.61836
221.4,1.58363
221.5,1.54962
221.6,1.52094
221.7,1.48978
221.8,1.46335
221.9,1.44055
222,1.40999
222.1,1.3793
222.2,1.34269
222.3,1.30539
222.4,1.27225
222.5,1.2416
222.6,1.20708
222.7,1.16624
222.8,1.1215
222.9,1.08302
223,1.03997
223.1,0.99742
223.2,0.95805
223.3,0.91449
223.4,0.87037
223.5,0.82236
223.6,0.77097
223.7,0.71867
223.8,0.66092
223.9,0.59898
224,0.53646
224.1,0.46873
224.2,0.40426
224.3,0.34272
224.4,0.27977
224.5,0.21648
224.6,0.14488
224.7,0.06987
224.8,-0.00965
224.9,-0.09592
225,-0.1824
225.1,-0.27018
225.2,-0.35382
225.3,-0.43664
225.4,-0.52047
225.5,-0.60424
225.6,-0.69202
225.7,-0.78699
225.8,-0.88377
225.9,-0.9701
226,-1.04873
226.1,-1.12762
226.2,-1.19586
226.3,-1.25428
226.4,-1.30471
226.5,-1.35001
226.6,-1.39208
226.7,-1.42229
226.8,-1.4507
226.9,-1.48416
227,-1.51344
227.1,-1.54249
227.2,-1.57275
227.3,-1.60624
227.4,-1.64185
227.5,-1.67353
227.6,-1.70162
227.7,-1.72658
227.8,-1.74819
227.9,-1.77518
228,-1.80523
228.1,-1.82895
228.2,-1.85565
228.3,-1.88544
228.4,-1.91821
228.5,-1.95034
228.6,-1.97932
228.7,-2.01059
228.8,-2.039
228.9,-2.07059
229,-2.09777
229.1,-2.12871
229.2,-2.15957
229.3,-2.18832
229.4,-2.2173
229.5,-2.24182
229.6,-2.26234
229.7,-2.28266
229.8,-2.30288
229.9,-2.32238
230,-2.33826
230.1,-2.35054
230.2,-2.36541
230.3,-2.38008
230.4,-2.39109
230.5,-2.40146
230.6,-2.4122
230.7,-2.42447
230.8,-2.43617
230.9,-2.45213
231,-2.47002
231.1,-2.48253
231.2,-2.49336
231.3,-2.50661
231.4,-2.51573
231.5,-2.5287
231.6,-2.54229
231.7,-2.55933
231.8,-2.57977
231.9,-2.59872
232,-2.61631
232.1,-2.64062
232.2,-2.66428
232.3,-2.68802
232.4,-2.71616
232.5,-2.74281
232.6,-2.77479
232.7,-2.80484
232.8,-2.82787
232.9,-2.84364
233,-2.86113
233.1,-2.87247
233.2,-2.8838
233.3,-2.89444
233.4,-2.90013
233.5,-2.90421
233.6,-2.90528
233.7,-2.90876
233.8,-2.90814
233.9,-2.9088
234,-2.90891
234.1,-2.90159
234.2,-2.89029
234.3,-2.87846
234.4,-2.87392
234.5,-2.86584
234.6,-2.86118
234.7,-2.85818
234.8,-2.86234
234.9,-2.86359
235,-2.86134
235.1,-2.85816
235.2,-2.84892
235.3,-2.84382
235.4,-2.83945
235.5,-2.84253
235.6,-2.84291
235.7,-2.84724
235.8,-2.86009
235.9,-2.87014
236,-2.88008
236.1,-2.89267
236.2,-2.89933
236.3,-2.91103
236.4,-2.93002
236.5,-2.9431
236.6,-2.95684
236.7,-2.96479
236.8,-2.97251
236.9,-2.97573
237,-2.97643
237.1,-2.97191
237.2,-2.9723
237.3,-2.97808
237.4,-2.9792
237.5,-2.98712
237.6,-2.99627
237.7,-3.00094
237.8,-3.00169
237.9,-3.00174
238,-3.00417
238.1,-3.00785
238.2,-3.02394
238.3,-3.04105
238.4,-3.05299
238.5,-3.06607
238.6,-3.07366
238.7,-3.08186
238.8,-3.09258
238.9,-3.0961
239,-3.10355
239.1,-3.10941
239.2,-3.11215
239.3,-3.10987
239.4,-3.10716
239.5,-3.10719
239.6,-3.11146
239.7,-3.12377
239.8,-3.12975
239.9,-3.13798
240,-3.14233
240.1,-3.14708
240.2,-3.15116
240.3,-3.15275
240.4,-3.15831
240.5,-3.16044
240.6,-3.16864
240.7,-3.1836
240.8,-3.20257
240.9,-3.21915
241,-3.23275
241.1,-3.23467
241.2,-3.23362
241.3,-3.23317
241.4,-3.23914
241.5,-3.24958
241.6,-3.27104
241.7,-3.28711
241.8,-3.30455
241.9,-3.32292
242,-3.34326
242.1,-3.36464
242.2,-3.37792
242.3,-3.38671
242.4,-3.39325
242.5,-3.40418
242.6,-3.41419
242.7,-3.41717
242.8,-3.42027
242.9,-3.424
243,-3.43058
243.1,-3.43306
243.2,-3.43595
243.3,-3.4403
243.4,-3.44394
243.5,-3.45037
243.6,-3.46324
243.7,-3.47482
243.8,-3.487
243.9,-3.49413
244,-3.5028
244.1,-3.51116
244.2,-3.52085
244.3,-3.5373
244.4,-3.54841
244.5,-3.56259
244.6,-3.57423
244.7,-3.58844
244.8,-3.60116
244.9,-3.61559
245,-3.63203
245.1,-3.64388
245.2,-3.65321
245.3,-3.6567
245.4,-3.66024
245.5,-3.65577
245.6,-3.64218
245.7,-3.63866
245.8,-3.64093
245.9,-3.65222
246,-3.65776
246.1,-3.65865
246.2,-3.6637
246.3,-3.66944
246.4,-3.67726
246.5,-3.67981
246.6,-3.68017
246.7,-3.67812
246.8,-3.67244
246.9,-3.66469
247,-3.66245
247.1,-3.66742
247.2,-3.67802
247.3,-3.69232
247.4,-3.70377
247.5,-3.72091
247.6,-3.73209
247.7,-3.74007
247.8,-3.75316
247.9,-3.75894
248,-3.76514
248.1,-3.77455
248.2,-3.78581
248.3,-3.802
248.4,-3.81585
248.5,-3.82957
248.6,-3.845
248.7,-3.85313
248.8,-3.86547
248.9,-3.88129
249,-3.89072
249.1,-3.89883
249.2,-3.89785
249.3,-3.8942
249.4,-3.89346
249.5,-3.88853
249.6,-3.8825
249.7,-3.87646
249.8,-3.87756
249.9,-3.88453
250,-3.88901
250.1,-3.89328
250.2,-3.89727
250.3,-3.89831
250.4,-3.90048
250.5,-3.89597
250.6,-3.88899
250.7,-3.89123
250.8,-3.88782
250.9,-3.8844
251,-3.88333
